phase,count,mean_ms,median_ms,std_ms,p95_ms,min_ms,max_ms
dense_encoding,300,71.64212966725852,70.31475001713261,3.7866473601565547,78.71439994778484,66.90069998148829,97.3380000796169
sparse_encoding,300,70.6003156665247,69.25620004767552,4.281827482358268,77.86169997416437,65.91580004896969,100.35319998860359
dense_search,300,35.06880433221037,31.896599975880235,18.009909155236304,45.228200033307076,28.947099926881492,171.86379991471767
sparse_search,300,15.112870328205949,11.979399947449565,15.702887929797836,34.53740000259131,3.3644000068306923,150.56169999297708
segment_aggregation,300,6.886627335722248,3.0620499746873975,22.606936387827385,4.36319992877543,2.1422000136226416,150.66540008410811
rrf,300,0.08424499731821318,0.08349993731826544,0.01220317861159321,0.10169995948672295,0.0491999089717865,0.15750003512948751
total,300,199.39940633135848,189.37239999650046,33.218895340042444,313.6600999860093,170.4169000731781,365.39629998151213
