{
  "qrels": {
    "path": "data\\qrels.json",
    "graded": false,
    "binary_threshold": 1
  },
  "metrics": {
    "textual": {
      "solo_ocr": {
        "ndcg_at_10": 0.8343595428689639,
        "map": 0.7327277767382256,
        "map_at_10": 0.5816666666666667,
        "p_at_5": 0.64,
        "p_at_10": 0.54,
        "recall_at_10": 0.8333333333333334,
        "mrr": 0.8,
        "mrr_at_10": 0.8
      },
      "solo_vlm": {
        "ndcg_at_10": 0.9002833960273005,
        "map": 0.8744299114652965,
        "map_at_10": 0.7197539682539682,
        "p_at_5": 0.5599999999999999,
        "p_at_10": 0.5,
        "recall_at_10": 0.8133333333333332,
        "mrr": 0.9,
        "mrr_at_10": 0.9
      },
      "ocr_vlm": {
        "ndcg_at_10": 0.9714409711927725,
        "map": 0.9776949372436988,
        "map_at_10": 0.8091111111111111,
        "p_at_5": 0.6799999999999999,
        "p_at_10": 0.5,
        "recall_at_10": 0.8133333333333332,
        "mrr": 1.0,
        "mrr_at_10": 1.0
      },
      "ocr_vlm_hybrid_full": {
        "ndcg_at_10": 0.8611474678804921,
        "map": 0.8175630905879391,
        "map_at_10": 0.670420634920635,
        "p_at_5": 0.56,
        "p_at_10": 0.4600000000000001,
        "recall_at_10": 0.6799999999999999,
        "mrr": 1.0,
        "mrr_at_10": 1.0
      },
      "ocr_vlm_hybrid_segmented": {
        "ndcg_at_10": 0.938591309465234,
        "map": 0.9039298557367612,
        "map_at_10": 0.7433769841269842,
        "p_at_5": 0.64,
        "p_at_10": 0.5,
        "recall_at_10": 0.8133333333333332,
        "mrr": 1.0,
        "mrr_at_10": 1.0
      },
      "bm25_ocr": {
        "ndcg_at_10": 0.6842948973726392,
        "map": null,
        "map_at_10": 0.5291111111111111,
        "p_at_5": 0.4,
        "p_at_10": 0.38,
        "recall_at_10": 0.6633333333333333,
        "mrr": null,
        "mrr_at_10": 0.7
      },
      "bm25_fusion": {
        "ndcg_at_10": 0.9872758423602097,
        "map": null,
        "map_at_10": 0.8233333333333333,
        "p_at_5": 0.6799999999999999,
        "p_at_10": 0.52,
        "recall_at_10": 0.8233333333333333,
        "mrr": null,
        "mrr_at_10": 1.0
      },
      "clip_zeroshot": {
        "ndcg_at_10": 0.5874354673139368,
        "map": null,
        "map_at_10": 0.36323809523809525,
        "p_at_5": 0.48,
        "p_at_10": 0.27999999999999997,
        "recall_at_10": 0.4766666666666667,
        "mrr": null,
        "mrr_at_10": 0.9
      }
    },
    "aggregate": {
      "solo_ocr": {
        "ndcg_at_10": 0.3688184426234633,
        "map": 0.3459297790561418,
        "map_at_10": 0.22934126984126985,
        "p_at_5": 0.28,
        "p_at_10": 0.2533333333333333,
        "recall_at_10": 0.39685185185185184,
        "mrr": 0.42201416122004354,
        "mrr_at_10": 0.41074074074074074
      },
      "solo_vlm": {
        "ndcg_at_10": 0.6296640401988076,
        "map": 0.5905739686522921,
        "map_at_10": 0.47362610229276897,
        "p_at_5": 0.4266666666666667,
        "p_at_10": 0.35333333333333333,
        "recall_at_10": 0.6218518518518519,
        "mrr": 0.6793650793650793,
        "mrr_at_10": 0.6777777777777777
      },
      "ocr_vlm": {
        "ndcg_at_10": 0.6103369560870181,
        "map": 0.5697862710389674,
        "map_at_10": 0.4414065255731922,
        "p_at_5": 0.4,
        "p_at_10": 0.34,
        "recall_at_10": 0.6198148148148148,
        "mrr": 0.7235827664399093,
        "mrr_at_10": 0.7222222222222222
      },
      "ocr_vlm_hybrid_full": {
        "ndcg_at_10": 0.6759234063179899,
        "map": 0.620230824428818,
        "map_at_10": 0.512979570840682,
        "p_at_5": 0.4666666666666667,
        "p_at_10": 0.36666666666666664,
        "recall_at_10": 0.6720370370370371,
        "mrr": 0.7480272108843538,
        "mrr_at_10": 0.7466666666666666
      },
      "ocr_vlm_hybrid_segmented": {
        "ndcg_at_10": 0.727459990031388,
        "map": 0.7069703326724056,
        "map_at_10": 0.6026838624338624,
        "p_at_5": 0.5466666666666666,
        "p_at_10": 0.38,
        "recall_at_10": 0.6511111111111111,
        "mrr": 0.8432234432234432,
        "mrr_at_10": 0.8333333333333334
      },
      "bm25_ocr": {
        "ndcg_at_10": 0.380739565222392,
        "map": null,
        "map_at_10": 0.26687037037037037,
        "p_at_5": 0.26666666666666666,
        "p_at_10": 0.24000000000000002,
        "recall_at_10": 0.42888888888888893,
        "mrr": null,
        "mrr_at_10": 0.36000000000000004
      },
      "bm25_fusion": {
        "ndcg_at_10": 0.7075188350799183,
        "map": null,
        "map_at_10": 0.5944735449735449,
        "p_at_5": 0.5333333333333333,
        "p_at_10": 0.35333333333333333,
        "recall_at_10": 0.6224074074074074,
        "mrr": null,
        "mrr_at_10": 0.8
      },
      "clip_zeroshot": {
        "ndcg_at_10": 0.5304054856592302,
        "map": null,
        "map_at_10": 0.37072751322751324,
        "p_at_5": 0.41333333333333333,
        "p_at_10": 0.29333333333333333,
        "recall_at_10": 0.504074074074074,
        "mrr": null,
        "mrr_at_10": 0.6966666666666667
      }
    },
    "iconografica_simple": {
      "solo_ocr": {
        "ndcg_at_10": 0.18667759879983475,
        "map": 0.20194248717090243,
        "map_at_10": 0.06913492063492063,
        "p_at_5": 0.16,
        "p_at_10": 0.16,
        "recall_at_10": 0.23500000000000001,
        "mrr": 0.32472222222222225,
        "mrr_at_10": 0.31222222222222223
      },
      "solo_vlm": {
        "ndcg_at_10": 0.48514486511523736,
        "map": 0.413645663564547,
        "map_at_10": 0.2875,
        "p_at_5": 0.44000000000000006,
        "p_at_10": 0.4,
        "recall_at_10": 0.46333333333333326,
        "mrr": 0.6333333333333333,
        "mrr_at_10": 0.6333333333333333
      },
      "ocr_vlm": {
        "ndcg_at_10": 0.4660018269673218,
        "map": 0.41611974711058713,
        "map_at_10": 0.2620661375661376,
        "p_at_5": 0.36,
        "p_at_10": 0.33999999999999997,
        "recall_at_10": 0.43499999999999994,
        "mrr": 0.7333333333333333,
        "mrr_at_10": 0.7333333333333333
      },
      "ocr_vlm_hybrid_full": {
        "ndcg_at_10": 0.6682960809240697,
        "map": 0.5944044920688626,
        "map_at_10": 0.47499074074074077,
        "p_at_5": 0.5599999999999999,
        "p_at_10": 0.42000000000000004,
        "recall_at_10": 0.625,
        "mrr": 0.85,
        "mrr_at_10": 0.85
      },
      "ocr_vlm_hybrid_segmented": {
        "ndcg_at_10": 0.7048463919732352,
        "map": 0.64637045666977,
        "map_at_10": 0.5669761904761905,
        "p_at_5": 0.6799999999999999,
        "p_at_10": 0.42000000000000004,
        "recall_at_10": 0.6066666666666667,
        "mrr": 0.9,
        "mrr_at_10": 0.9
      },
      "bm25_ocr": {
        "ndcg_at_10": 0.37178848667985814,
        "map": null,
        "map_at_10": 0.22149999999999997,
        "p_at_5": 0.36,
        "p_at_10": 0.32,
        "recall_at_10": 0.42333333333333334,
        "mrr": null,
        "mrr_at_10": 0.32999999999999996
      },
      "bm25_fusion": {
        "ndcg_at_10": 0.629176047496513,
        "map": null,
        "map_at_10": 0.5061984126984127,
        "p_at_5": 0.6,
        "p_at_10": 0.36,
        "recall_at_10": 0.5549999999999999,
        "mrr": null,
        "mrr_at_10": 0.8
      },
      "clip_zeroshot": {
        "ndcg_at_10": 0.4838374159099567,
        "map": null,
        "map_at_10": 0.28267460317460313,
        "p_at_5": 0.44000000000000006,
        "p_at_10": 0.38,
        "recall_at_10": 0.53,
        "mrr": null,
        "mrr_at_10": 0.5900000000000001
      }
    },
    "iconografica_relacional": {
      "solo_ocr": {
        "ndcg_at_10": 0.08541818620159121,
        "map": 0.10311907325929728,
        "map_at_10": 0.03722222222222222,
        "p_at_5": 0.04,
        "p_at_10": 0.06000000000000001,
        "recall_at_10": 0.12222222222222223,
        "mrr": 0.1413202614379085,
        "mrr_at_10": 0.12
      },