{
  "solo_ocr": {
    "aggregate": {
      "ndcg": 0.3688184426234633,
      "map": 0.22934126984126985,
      "p5": 0.28,
      "p10": 0.2533333333333333,
      "mrr": 0.41074074074074074
    },
    "textual": {
      "ndcg": 0.8343595428689639,
      "map": 0.5816666666666667,
      "p5": 0.64,
      "p10": 0.54,
      "mrr": 0.8
    },
    "iconografica_simple": {
      "ndcg": 0.18667759879983475,
      "map": 0.06913492063492063,
      "p5": 0.16,
      "p10": 0.16,
      "mrr": 0.31222222222222223
    },
    "iconografica_relacional": {
      "ndcg": 0.08541818620159121,
      "map": 0.03722222222222222,
      "p5": 0.04,
      "p10": 0.06000000000000001,
      "mrr": 0.12
    }
  },
  "solo_vlm": {
    "aggregate": {
      "ndcg": 0.6852247743703183,
      "map": 0.5176439594356261,
      "p5": 0.41333333333333333,
      "p10": 0.36666666666666664,
      "mrr": 0.85
    },
    "textual": {
      "ndcg": 0.9039011104723684,
      "map": 0.7149642857142857,
      "p5": 0.5599999999999999,
      "p10": 0.48,
      "mrr": 1.0
    },
    "iconografica_simple": {
      "ndcg": 0.5962028420054662,
      "map": 0.38283531746031746,
      "p5": 0.4,
      "p10": 0.42000000000000004,
      "mrr": 0.9
    },
    "iconografica_relacional": {
      "ndcg": 0.5555703706331203,
      "map": 0.45513227513227517,
      "p5": 0.27999999999999997,
      "p10": 0.2,
      "mrr": 0.65
    }
  },
  "ocr_vlm": {
    "aggregate": {
      "ndcg": 0.6679545896663447,
      "map": 0.49539087301587303,
      "p5": 0.44000000000000006,
      "p10": 0.36666666666666664,
      "mrr": 0.8055555555555556
    },
    "textual": {
      "ndcg": 0.977990823370192,
      "map": 0.8123769841269841,
      "p5": 0.64,
      "p10": 0.52,
      "mrr": 1.0
    },
    "iconografica_simple": {
      "ndcg": 0.5603035738136853,
      "map": 0.3555416666666667,
      "p5": 0.4,
      "p10": 0.36,
      "mrr": 0.9
    },
    "iconografica_relacional": {
      "ndcg": 0.46556937181515695,
      "map": 0.31825396825396823,
      "p5": 0.27999999999999997,
      "p10": 0.22000000000000003,
      "mrr": 0.5166666666666667
    }
  },
  "bm25_ocr": {
    "aggregate": {
      "ndcg": 0.380739565222392,
      "map": 0.26687037037037037,
      "p5": 0.26666666666666666,
      "p10": 0.24000000000000002,
      "mrr": 0.36000000000000004
    },
    "textual": {
      "ndcg": 0.6842948973726392,
      "map": 0.5291111111111111,
      "p5": 0.4,
      "p10": 0.38,
      "mrr": 0.7
    },
    "iconografica_simple": {
      "ndcg": 0.37178848667985814,
      "map": 0.22149999999999997,
      "p5": 0.36,
      "p10": 0.32,
      "mrr": 0.32999999999999996
    },
    "iconografica_relacional": {
      "ndcg": 0.0861353116146786,
      "map": 0.05,
      "p5": 0.04,
      "p10": 0.02,
      "mrr": 0.05
    }
  },
  "bm25_fusion": {
    "aggregate": {
      "ndcg": 0.7075188350799183,
      "map": 0.5944735449735449,
      "p5": 0.5333333333333333,
      "p10": 0.35333333333333333,
      "mrr": 0.8
    },
    "textual": {
      "ndcg": 0.9872758423602097,
      "map": 0.8233333333333333,
      "p5": 0.6799999999999999,
      "p10": 0.52,
      "mrr": 1.0
    },
    "iconografica_simple": {
      "ndcg": 0.629176047496513,
      "map": 0.5061984126984127,
      "p5": 0.6,
      "p10": 0.36,
      "mrr": 0.8
    },
    "iconografica_relacional": {
      "ndcg": 0.5061046153830322,
      "map": 0.4538888888888889,
      "p5": 0.32,
      "p10": 0.18,
      "mrr": 0.6
    }
  },
  "clip_zeroshot": {
    "aggregate": {
      "ndcg": 0.5304054856592302,
      "map": 0.37072751322751324,
      "p5": 0.41333333333333333,
      "p10": 0.29333333333333333,
      "mrr": 0.6966666666666667
    },
    "textual": {
      "ndcg": 0.5874354673139368,
      "map": 0.36323809523809525,
      "p5": 0.48,
      "p10": 0.27999999999999997,
      "mrr": 0.9
    },
    "iconografica_simple": {
      "ndcg": 0.4838374159099567,
      "map": 0.28267460317460313,
      "p5": 0.44000000000000006,
      "p10": 0.38,
      "mrr": 0.5900000000000001
    },
    "iconografica_relacional": {
      "ndcg": 0.519943573753797,
      "map": 0.4662698412698413,
      "p5": 0.32,
      "p10": 0.21999999999999997,
      "mrr": 0.6
    }
  }
}